{"12":[5700,100,57,null],"9":[2673,81,33,null],"5":[275,87,null,null],"15":[208,67,null,null],"14":[206,65,null,null],"3":[177,57,null,null],"2":[161,52,null,null],"0":[99,31,null,null],"7":[84,3,28,null],"4":[45,15,null,null],"16":[13,5,null,null],"13":[9.695359714832659,78,36,74],"1":[9.055385138137417,61,36,67],"8":[8.888194417315589,81,22,55],"6":[8.48528137423857,95,45,4],"11":[7.582875444051551,68,8,39],"10":[7,12,39,47]}