{"12":[3654,58,63,null],"17":[2340,65,36,null],"7":[231,73,null,null],"9":[177,57,null,null],"8":[164,2,82,null],"16":[161,52,null,null],"0":[161,52,null,null],"11":[99,31,null,null],"2":[83,26,null,null],"4":[57,19,null,null],"13":[45,15,null,null],"14":[16,6,null,null],"10":[11.090536506409418,71,87,88],"15":[9.539392014169456,81,44,57],"1":[8.455767262643882,8,71,64],"6":[8.031189202104505,12,65,52],"5":[7.842193570679061,84,9,30],"3":[6.4031242374328485,29,48,5]}